outcome,T_q,pv_q,N_l,N_r
native_mb,18.416188204584248,0.0,7217,19790
formation_mb,18.416188204584248,0.0,7217,19790
treecover_modis,18.416188204584248,0.0,7217,19790
